State,City,Link
CA,Acampo,https://nextdoor.com/city/acampo--ca/
CA,Acton,https://nextdoor.com/city/acton--ca/
CA,Adelaide,https://nextdoor.com/city/adelaide--ca/
CA,Adelanto,https://nextdoor.com/city/adelanto--ca/
CA,Adin,https://nextdoor.com/city/adin--ca/
CA,Agoura Hills,https://nextdoor.com/city/agoura-hills--ca/
CA,Agua Dulce,https://nextdoor.com/city/agua-dulce--ca/
CA,Aguanga,https://nextdoor.com/city/aguanga--ca/
CA,Ahwahnee,https://nextdoor.com/city/ahwahnee--ca/
CA,Alameda,https://nextdoor.com/city/alameda--ca/
CA,Alamo,https://nextdoor.com/city/alamo--ca/
CA,Albany,https://nextdoor.com/city/albany--ca/
CA,Albion,https://nextdoor.com/city/albion--ca/
CA,Alderpoint,https://nextdoor.com/city/alderpoint--ca/
CA,Alhambra,https://nextdoor.com/city/alhambra--ca/
CA,Aliso Viejo,https://nextdoor.com/city/aliso-viejo--ca/
CA,Alleghany,https://nextdoor.com/city/alleghany--ca/
CA,Alpaugh,https://nextdoor.com/city/alpaugh--ca/
CA,Alpine,https://nextdoor.com/city/alpine--ca/
CA,Alpine Meadows,https://nextdoor.com/city/alpine-meadows--ca/
CA,Alta,https://nextdoor.com/city/alta--ca/
CA,Altadena,https://nextdoor.com/city/altadena--ca/
CA,Altaville,https://nextdoor.com/city/altaville--ca/
CA,Alturas,https://nextdoor.com/city/alturas--ca/
CA,Alviso,https://nextdoor.com/city/alviso--ca/
CA,Amboy,https://nextdoor.com/city/amboy--ca/
CA,American Canyon,https://nextdoor.com/city/american-canyon--ca/
CA,Anaheim,https://nextdoor.com/city/anaheim--ca/
CA,Anderson,https://nextdoor.com/city/anderson--ca/
CA,Angels Camp,https://nextdoor.com/city/angels-camp--ca/
CA,Angelus Oaks,https://nextdoor.com/city/angelus-oaks--ca/
CA,Angwin,https://nextdoor.com/city/angwin--ca/
CA,Annapolis,https://nextdoor.com/city/annapolis--ca/
CA,Antelope,https://nextdoor.com/city/antelope--ca/
CA,Antioch,https://nextdoor.com/city/antioch--ca/
CA,Anza,https://nextdoor.com/city/anza--ca/
CA,Applegate,https://nextdoor.com/city/applegate--ca/
CA,Apple Valley,https://nextdoor.com/city/apple-valley--ca/
CA,Aptos,https://nextdoor.com/city/aptos--ca/
CA,Arbuckle,https://nextdoor.com/city/arbuckle--ca/
CA,Arcadia,https://nextdoor.com/city/arcadia--ca/
CA,Arcata,https://nextdoor.com/city/arcata--ca/
CA,Arden Arcade,https://nextdoor.com/city/arden-arcade--ca/
CA,Arleta,https://nextdoor.com/city/arleta--ca/
CA,Armona,https://nextdoor.com/city/armona--ca/
CA,Arnold,https://nextdoor.com/city/arnold--ca/
CA,Aromas,https://nextdoor.com/city/aromas--ca/
CA,Arroyo Grande,https://nextdoor.com/city/arroyo-grande--ca/
CA,Artesia,https://nextdoor.com/city/artesia--ca/
CA,Arvin,https://nextdoor.com/city/arvin--ca/
CA,Atascadero,https://nextdoor.com/city/atascadero--ca/
CA,Atherton,https://nextdoor.com/city/atherton--ca/
CA,Atwater,https://nextdoor.com/city/atwater--ca/
CA,Auberry,https://nextdoor.com/city/auberry--ca/
CA,Auburn,https://nextdoor.com/city/auburn--ca/
CA,Avalon,https://nextdoor.com/city/avalon--ca/
CA,Avenal,https://nextdoor.com/city/avenal--ca/
CA,Avila Beach,https://nextdoor.com/city/avila-beach--ca/
CA,Azusa,https://nextdoor.com/city/azusa--ca/
CA,Badger,https://nextdoor.com/city/badger--ca/
CA,Baker,https://nextdoor.com/city/baker--ca/
CA,Bakersfield,https://nextdoor.com/city/bakersfield--ca/
CA,Baldwin Park,https://nextdoor.com/city/baldwin-park--ca/
CA,Ballico,https://nextdoor.com/city/ballico--ca/
CA,Bangor,https://nextdoor.com/city/bangor--ca/
CA,Banning,https://nextdoor.com/city/banning--ca/
CA,Barstow,https://nextdoor.com/city/barstow--ca/
CA,Bass Lake,https://nextdoor.com/city/bass-lake--ca/
CA,Bay Point,https://nextdoor.com/city/bay-point--ca/
CA,Bayside,https://nextdoor.com/city/bayside--ca/
CA,Beale Afb,https://nextdoor.com/city/beale-afb--ca/
CA,Beaumont,https://nextdoor.com/city/beaumont--ca/
CA,Bell,https://nextdoor.com/city/bell--ca/
CA,Bella Vista,https://nextdoor.com/city/bella-vista--ca/
CA,Bell Canyon,https://nextdoor.com/city/bell-canyon--ca/
CA,Bellflower,https://nextdoor.com/city/bellflower--ca/
CA,Bell Gardens,https://nextdoor.com/city/bell-gardens--ca/
CA,Belmont,https://nextdoor.com/city/belmont--ca/
CA,Belvedere,https://nextdoor.com/city/belvedere--ca/
CA,Benicia,https://nextdoor.com/city/benicia--ca/
CA,Ben Lomond,https://nextdoor.com/city/ben-lomond--ca/
CA,Benton,https://nextdoor.com/city/benton--ca/
CA,Berenda,https://nextdoor.com/city/berenda--ca/
CA,Berkeley,https://nextdoor.com/city/berkeley--ca/
CA,Bermuda Dunes,https://nextdoor.com/city/bermuda-dunes--ca/
CA,Berry Creek,https://nextdoor.com/city/berry-creek--ca/
CA,Bethel Island,https://nextdoor.com/city/bethel-island--ca/
CA,Beverly Hills,https://nextdoor.com/city/beverly-hills--ca/
CA,Big Bar,https://nextdoor.com/city/big-bar--ca/
CA,Big Bear City,https://nextdoor.com/city/big-bear-city--ca/
CA,Big Bear Lake,https://nextdoor.com/city/big-bear-lake--ca/
CA,Biggs,https://nextdoor.com/city/biggs--ca/
CA,Big Oak Valley,https://nextdoor.com/city/big-oak-valley--ca/
CA,Big Pine,https://nextdoor.com/city/big-pine--ca/
CA,Big Sur,https://nextdoor.com/city/big-sur--ca/
CA,Birds Landing,https://nextdoor.com/city/birds-landing--ca/
CA,Birds Lndg,https://nextdoor.com/city/birds-lndg--ca/
CA,Bishop,https://nextdoor.com/city/bishop--ca/
CA,Blocksburg,https://nextdoor.com/city/blocksburg--ca/
CA,Bloomington,https://nextdoor.com/city/bloomington--ca/
CA,Blue Jay,https://nextdoor.com/city/blue-jay--ca/
CA,Blue Lake,https://nextdoor.com/city/blue-lake--ca/
CA,Blythe,https://nextdoor.com/city/blythe--ca/
CA,Bodega,https://nextdoor.com/city/bodega--ca/
CA,Bodega Bay,https://nextdoor.com/city/bodega-bay--ca/
CA,Bodfish,https://nextdoor.com/city/bodfish--ca/
CA,Bolinas,https://nextdoor.com/city/bolinas--ca/
CA,Bonita,https://nextdoor.com/city/bonita--ca/
CA,Bonsall,https://nextdoor.com/city/bonsall--ca/
CA,Boonville,https://nextdoor.com/city/boonville--ca/
CA,Boron,https://nextdoor.com/city/boron--ca/
CA,Borrego Springs,https://nextdoor.com/city/borrego-springs--ca/
CA,Boulder Creek,https://nextdoor.com/city/boulder-creek--ca/
CA,Boulevard,https://nextdoor.com/city/boulevard--ca/
CA,Bradbury,https://nextdoor.com/city/bradbury--ca/
CA,Bradley,https://nextdoor.com/city/bradley--ca/
CA,Branscomb,https://nextdoor.com/city/branscomb--ca/
CA,Brawley,https://nextdoor.com/city/brawley--ca/
CA,Brea,https://nextdoor.com/city/brea--ca/
CA,Brentwood,https://nextdoor.com/city/brentwood--ca/
CA,Bridgeport,https://nextdoor.com/city/bridgeport--ca/
CA,Bridgeville,https://nextdoor.com/city/bridgeville--ca/
CA,Briones,https://nextdoor.com/city/briones--ca/
CA,Brisbane,https://nextdoor.com/city/brisbane--ca/
CA,Broadmoor Vlg,https://nextdoor.com/city/broadmoor-vlg--ca/
CA,Brooks,https://nextdoor.com/city/brooks--ca/
CA,Browns Valley,https://nextdoor.com/city/browns-valley--ca/
CA,Brownsville,https://nextdoor.com/city/brownsville--ca/
CA,Buellton,https://nextdoor.com/city/buellton--ca/
CA,Buena Park,https://nextdoor.com/city/buena-park--ca/
CA,Burbank,https://nextdoor.com/city/burbank--ca/
CA,Burlingame,https://nextdoor.com/city/burlingame--ca/
CA,Burney,https://nextdoor.com/city/burney--ca/
CA,Burnt Ranch,https://nextdoor.com/city/burnt-ranch--ca/
CA,Butte City,https://nextdoor.com/city/butte-city--ca/
CA,Buttonwillow,https://nextdoor.com/city/buttonwillow--ca/
CA,Byron,https://nextdoor.com/city/byron--ca/
CA,Cabazon,https://nextdoor.com/city/cabazon--ca/
CA,Calabasas,https://nextdoor.com/city/calabasas--ca/
CA,Calabasas Hills,https://nextdoor.com/city/calabasas-hills--ca/
CA,Calexico,https://nextdoor.com/city/calexico--ca/
CA,Caliente,https://nextdoor.com/city/caliente--ca/
CA,California City,https://nextdoor.com/city/california-city--ca/
CA,Calimesa,https://nextdoor.com/city/calimesa--ca/
CA,Calipatria,https://nextdoor.com/city/calipatria--ca/
CA,Calistoga,https://nextdoor.com/city/calistoga--ca/
CA,Callahan,https://nextdoor.com/city/callahan--ca/
CA,Calpine,https://nextdoor.com/city/calpine--ca/
CA,Camarillo,https://nextdoor.com/city/camarillo--ca/
CA,Cambria,https://nextdoor.com/city/cambria--ca/
CA,Cameron Park,https://nextdoor.com/city/cameron-park--ca/
CA,Camino,https://nextdoor.com/city/camino--ca/
CA,Campbell,https://nextdoor.com/city/campbell--ca/
CA,Camp Nelson,https://nextdoor.com/city/camp-nelson--ca/
CA,Campo,https://nextdoor.com/city/campo--ca/
CA,Campo Seco,https://nextdoor.com/city/campo-seco--ca/
CA,Camp Pendleton,https://nextdoor.com/city/camp-pendleton--ca/
CA,Camptonville,https://nextdoor.com/city/camptonville--ca/
CA,Canby,https://nextdoor.com/city/canby--ca/
CA,Canoga Park,https://nextdoor.com/city/canoga-park--ca/
CA,Cantil,https://nextdoor.com/city/cantil--ca/
CA,Cantua Creek,https://nextdoor.com/city/cantua-creek--ca/
CA,Canyon Country,https://nextdoor.com/city/canyon-country--ca/
CA,Canyon Lake,https://nextdoor.com/city/canyon-lake--ca/
CA,Capay,https://nextdoor.com/city/capay--ca/
CA,Capistrano Beach,https://nextdoor.com/city/capistrano-beach--ca/
CA,Capitola,https://nextdoor.com/city/capitola--ca/
CA,Cardiff By The Sea,https://nextdoor.com/city/cardiff-by-the-sea--ca/
CA,Carlotta,https://nextdoor.com/city/carlotta--ca/
CA,Carlsbad,https://nextdoor.com/city/carlsbad--ca/
CA,Carmel,https://nextdoor.com/city/carmel--ca/
CA,Carmel Valley,https://nextdoor.com/city/carmel-valley--ca/
CA,Carmichael,https://nextdoor.com/city/carmichael--ca/
CA,Carnelian Bay,https://nextdoor.com/city/carnelian-bay--ca/
CA,Carpinteria,https://nextdoor.com/city/carpinteria--ca/
CA,Carson,https://nextdoor.com/city/carson--ca/
CA,Caruthers,https://nextdoor.com/city/caruthers--ca/
CA,Casmalia,https://nextdoor.com/city/casmalia--ca/
CA,Caspar,https://nextdoor.com/city/caspar--ca/
CA,Cassel,https://nextdoor.com/city/cassel--ca/
CA,Castaic,https://nextdoor.com/city/castaic--ca/
CA,Castro Valley,https://nextdoor.com/city/castro-valley--ca/
CA,Castroville,https://nextdoor.com/city/castroville--ca/
CA,Cathedral City,https://nextdoor.com/city/cathedral-city--ca/
CA,Catheys Valley,https://nextdoor.com/city/catheys-valley--ca/
CA,Cayucos,https://nextdoor.com/city/cayucos--ca/
CA,Cazadero,https://nextdoor.com/city/cazadero--ca/
CA,Cedar Glen,https://nextdoor.com/city/cedar-glen--ca/
CA,Cedarpines Park,https://nextdoor.com/city/cedarpines-park--ca/
CA,Cedarville,https://nextdoor.com/city/cedarville--ca/
CA,Ceres,https://nextdoor.com/city/ceres--ca/
CA,Cerritos,https://nextdoor.com/city/cerritos--ca/
CA,Challenge,https://nextdoor.com/city/challenge--ca/
CA,Chatsworth,https://nextdoor.com/city/chatsworth--ca/
CA,Cherry Valley,https://nextdoor.com/city/cherry-valley--ca/
CA,Chico,https://nextdoor.com/city/chico--ca/
CA,Chinese Camp,https://nextdoor.com/city/chinese-camp--ca/
CA,Chino,https://nextdoor.com/city/chino--ca/
CA,Chino Hills,https://nextdoor.com/city/chino-hills--ca/
CA,Chowchilla,https://nextdoor.com/city/chowchilla--ca/
CA,Chualar,https://nextdoor.com/city/chualar--ca/
CA,Chula Vista,https://nextdoor.com/city/chula-vista--ca/
CA,Citrus Heights,https://nextdoor.com/city/citrus-heights--ca/
CA,City Of Industry,https://nextdoor.com/city/city-of-industry--ca/
CA,Claremont,https://nextdoor.com/city/claremont--ca/
CA,Clarksburg,https://nextdoor.com/city/clarksburg--ca/
CA,Clayton,https://nextdoor.com/city/clayton--ca/
CA,Clearlake,https://nextdoor.com/city/clearlake--ca/
CA,Clearlake Oaks,https://nextdoor.com/city/clearlake-oaks--ca/
CA,Cloverdale,https://nextdoor.com/city/cloverdale--ca/
CA,Clovis,https://nextdoor.com/city/clovis--ca/
CA,Coachella,https://nextdoor.com/city/coachella--ca/
CA,Coalinga,https://nextdoor.com/city/coalinga--ca/
CA,Coarsegold,https://nextdoor.com/city/coarsegold--ca/
CA,Cold Springs,https://nextdoor.com/city/cold-springs--ca/
CA,Coleville,https://nextdoor.com/city/coleville--ca/
CA,Colfax,https://nextdoor.com/city/colfax--ca/
CA,College City,https://nextdoor.com/city/college-city--ca/
CA,Colma,https://nextdoor.com/city/colma--ca/
CA,Colton,https://nextdoor.com/city/colton--ca/
CA,Columbia,https://nextdoor.com/city/columbia--ca/
CA,Colusa,https://nextdoor.com/city/colusa--ca/
CA,Commerce,https://nextdoor.com/city/commerce--ca/
CA,Comptche,https://nextdoor.com/city/comptche--ca/
CA,Compton,https://nextdoor.com/city/compton--ca/
CA,Concord,https://nextdoor.com/city/concord--ca/
CA,Cool,https://nextdoor.com/city/cool--ca/
CA,Copperopolis,https://nextdoor.com/city/copperopolis--ca/
CA,Corcoran,https://nextdoor.com/city/corcoran--ca/
CA,Corning,https://nextdoor.com/city/corning--ca/
CA,Corona,https://nextdoor.com/city/corona--ca/
CA,Corona Del Mar,https://nextdoor.com/city/corona-del-mar--ca/
CA,Coronado,https://nextdoor.com/city/coronado--ca/
CA,Corte Madera,https://nextdoor.com/city/corte-madera--ca/
CA,Costa Mesa,https://nextdoor.com/city/costa-mesa--ca/
CA,Cotati,https://nextdoor.com/city/cotati--ca/
CA,Cottonwood,https://nextdoor.com/city/cottonwood--ca/
CA,Coulterville,https://nextdoor.com/city/coulterville--ca/
CA,Courtland,https://nextdoor.com/city/courtland--ca/
CA,Covelo,https://nextdoor.com/city/covelo--ca/
CA,Covina,https://nextdoor.com/city/covina--ca/
CA,Coyote,https://nextdoor.com/city/coyote--ca/
CA,Crescent City,https://nextdoor.com/city/crescent-city--ca/
CA,Crestline,https://nextdoor.com/city/crestline--ca/
CA,Creston,https://nextdoor.com/city/creston--ca/
CA,Crockett,https://nextdoor.com/city/crockett--ca/
CA,Crows Landing,https://nextdoor.com/city/crows-landing--ca/
CA,Cudahy,https://nextdoor.com/city/cudahy--ca/
CA,Culver City,https://nextdoor.com/city/culver-city--ca/
CA,Cupertino,https://nextdoor.com/city/cupertino--ca/
CA,Cutler,https://nextdoor.com/city/cutler--ca/
CA,Cuyama,https://nextdoor.com/city/cuyama--ca/
CA,Cypress,https://nextdoor.com/city/cypress--ca/
CA,Daggett,https://nextdoor.com/city/daggett--ca/
CA,Daly City,https://nextdoor.com/city/daly-city--ca/
CA,Dana Point,https://nextdoor.com/city/dana-point--ca/
CA,Danville,https://nextdoor.com/city/danville--ca/
CA,Davenport,https://nextdoor.com/city/davenport--ca/
CA,Davis,https://nextdoor.com/city/davis--ca/
CA,Davis Creek,https://nextdoor.com/city/davis-creek--ca/
CA,Death Valley,https://nextdoor.com/city/death-valley--ca/
CA,Deer Park,https://nextdoor.com/city/deer-park--ca/
CA,Delano,https://nextdoor.com/city/delano--ca/
CA,Delhi,https://nextdoor.com/city/delhi--ca/
CA,Del Mar,https://nextdoor.com/city/del-mar--ca/
CA,Del Rey,https://nextdoor.com/city/del-rey--ca/
CA,Denair,https://nextdoor.com/city/denair--ca/
CA,Descanso,https://nextdoor.com/city/descanso--ca/
CA,Desert Center,https://nextdoor.com/city/desert-center--ca/
CA,Desert Hot Springs,https://nextdoor.com/city/desert-hot-springs--ca/
CA,Diablo,https://nextdoor.com/city/diablo--ca/
CA,Diamond Bar,https://nextdoor.com/city/diamond-bar--ca/
CA,Diamond Springs,https://nextdoor.com/city/diamond-springs--ca/
CA,Dillon Beach,https://nextdoor.com/city/dillon-beach--ca/
CA,Dinuba,https://nextdoor.com/city/dinuba--ca/
CA,Discovery Bay,https://nextdoor.com/city/discovery-bay--ca/
CA,Dixon,https://nextdoor.com/city/dixon--ca/
CA,Dobbins,https://nextdoor.com/city/dobbins--ca/
CA,Dodgertown,https://nextdoor.com/city/dodgertown--ca/
CA,Dorris,https://nextdoor.com/city/dorris--ca/
CA,Dos Palos,https://nextdoor.com/city/dos-palos--ca/
CA,Dos Rios,https://nextdoor.com/city/dos-rios--ca/
CA,Douglas City,https://nextdoor.com/city/douglas-city--ca/
CA,Downey,https://nextdoor.com/city/downey--ca/
CA,Downieville,https://nextdoor.com/city/downieville--ca/
CA,Doyle,https://nextdoor.com/city/doyle--ca/
CA,Drytown,https://nextdoor.com/city/drytown--ca/
CA,Duarte,https://nextdoor.com/city/duarte--ca/
CA,Dublin,https://nextdoor.com/city/dublin--ca/
CA,Ducor,https://nextdoor.com/city/ducor--ca/
CA,Dulzura,https://nextdoor.com/city/dulzura--ca/
CA,Dunlap,https://nextdoor.com/city/dunlap--ca/
CA,Dunnigan,https://nextdoor.com/city/dunnigan--ca/
CA,Dunsmuir,https://nextdoor.com/city/dunsmuir--ca/
CA,Durham,https://nextdoor.com/city/durham--ca/
CA,Dutch Flat,https://nextdoor.com/city/dutch-flat--ca/
CA,Earlimart,https://nextdoor.com/city/earlimart--ca/
CA,Earp,https://nextdoor.com/city/earp--ca/
CA,East Palo Alto,https://nextdoor.com/city/east-palo-alto--ca/
CA,East Rancho Dominguez,https://nextdoor.com/city/east-rancho-dominguez--ca/
CA,Echo Lake,https://nextdoor.com/city/echo-lake--ca/
CA,Edwards,https://nextdoor.com/city/edwards--ca/
CA,El Cajon,https://nextdoor.com/city/el-cajon--ca/
CA,El Centro,https://nextdoor.com/city/el-centro--ca/
CA,El Cerrito,https://nextdoor.com/city/el-cerrito--ca/
CA,El Dorado,https://nextdoor.com/city/el-dorado--ca/
CA,El Dorado Hills,https://nextdoor.com/city/el-dorado-hills--ca/
CA,El Granada,https://nextdoor.com/city/el-granada--ca/
CA,Elk,https://nextdoor.com/city/elk--ca/
CA,Elk Creek,https://nextdoor.com/city/elk-creek--ca/
CA,Elk Grove,https://nextdoor.com/city/elk-grove--ca/
CA,El Macero,https://nextdoor.com/city/el-macero--ca/
CA,El Monte,https://nextdoor.com/city/el-monte--ca/
CA,El Nido,https://nextdoor.com/city/el-nido--ca/
CA,El Portal,https://nextdoor.com/city/el-portal--ca/
CA,El Segundo,https://nextdoor.com/city/el-segundo--ca/
CA,El Sobrante,https://nextdoor.com/city/el-sobrante--ca/
CA,Elverta,https://nextdoor.com/city/elverta--ca/
CA,Emerald Hills,https://nextdoor.com/city/emerald-hills--ca/
CA,Emeryville,https://nextdoor.com/city/emeryville--ca/
CA,Emigrant Gap,https://nextdoor.com/city/emigrant-gap--ca/
CA,Encinitas,https://nextdoor.com/city/encinitas--ca/
CA,Encino,https://nextdoor.com/city/encino--ca/
CA,Escalon,https://nextdoor.com/city/escalon--ca/
CA,Escondido,https://nextdoor.com/city/escondido--ca/
CA,Esparto,https://nextdoor.com/city/esparto--ca/
CA,Essex,https://nextdoor.com/city/essex--ca/
CA,Etna,https://nextdoor.com/city/etna--ca/
CA,Eureka,https://nextdoor.com/city/eureka--ca/
CA,Exeter,https://nextdoor.com/city/exeter--ca/
CA,Fairfax,https://nextdoor.com/city/fairfax--ca/
CA,Fairfield,https://nextdoor.com/city/fairfield--ca/
CA,Fair Oaks,https://nextdoor.com/city/fair-oaks--ca/
CA,Fallbrook,https://nextdoor.com/city/fallbrook--ca/
CA,Fall River Mills,https://nextdoor.com/city/fall-river-mills--ca/
CA,Farmersville,https://nextdoor.com/city/farmersville--ca/
CA,Farmington,https://nextdoor.com/city/farmington--ca/
CA,Felicity,https://nextdoor.com/city/felicity--ca/
CA,Fellows,https://nextdoor.com/city/fellows--ca/
CA,Felton,https://nextdoor.com/city/felton--ca/
CA,Ferndale,https://nextdoor.com/city/ferndale--ca/
CA,Fiddletown,https://nextdoor.com/city/fiddletown--ca/
CA,Fillmore,https://nextdoor.com/city/fillmore--ca/
CA,Firebaugh,https://nextdoor.com/city/firebaugh--ca/
CA,Fish Camp,https://nextdoor.com/city/fish-camp--ca/
CA,Floriston,https://nextdoor.com/city/floriston--ca/
CA,Folsom,https://nextdoor.com/city/folsom--ca/
CA,Fontana,https://nextdoor.com/city/fontana--ca/
CA,Foothill Ranch,https://nextdoor.com/city/foothill-ranch--ca/
CA,Forbestown,https://nextdoor.com/city/forbestown--ca/
CA,Forest Falls,https://nextdoor.com/city/forest-falls--ca/
CA,Foresthill,https://nextdoor.com/city/foresthill--ca/
CA,Forest Knolls,https://nextdoor.com/city/forest-knolls--ca/
CA,Forest Ranch,https://nextdoor.com/city/forest-ranch--ca/
CA,Forestville,https://nextdoor.com/city/forestville--ca/
CA,Forks Of Salmon,https://nextdoor.com/city/forks-of-salmon--ca/
CA,Fort Bidwell,https://nextdoor.com/city/fort-bidwell--ca/
CA,Fort Bragg,https://nextdoor.com/city/fort-bragg--ca/
CA,Fort Irwin,https://nextdoor.com/city/fort-irwin--ca/
CA,Fort Jones,https://nextdoor.com/city/fort-jones--ca/
CA,Fortuna,https://nextdoor.com/city/fortuna--ca/
CA,Foster City,https://nextdoor.com/city/foster-city--ca/
CA,Fountain Valley,https://nextdoor.com/city/fountain-valley--ca/
CA,Fowler,https://nextdoor.com/city/fowler--ca/
CA,Frazier Park,https://nextdoor.com/city/frazier-park--ca/
CA,Freedom,https://nextdoor.com/city/freedom--ca/
CA,Fremont,https://nextdoor.com/city/fremont--ca/
CA,French Camp,https://nextdoor.com/city/french-camp--ca/
CA,French Gulch,https://nextdoor.com/city/french-gulch--ca/
CA,Fresno,https://nextdoor.com/city/fresno--ca/
CA,Friant,https://nextdoor.com/city/friant--ca/
CA,Fullerton,https://nextdoor.com/city/fullerton--ca/
CA,Fulton,https://nextdoor.com/city/fulton--ca/
CA,Galt,https://nextdoor.com/city/galt--ca/
CA,Garberville,https://nextdoor.com/city/garberville--ca/
CA,Gardena,https://nextdoor.com/city/gardena--ca/
CA,Garden Grove,https://nextdoor.com/city/garden-grove--ca/
CA,Garden Valley,https://nextdoor.com/city/garden-valley--ca/
CA,Gasquet,https://nextdoor.com/city/gasquet--ca/
CA,Gazelle,https://nextdoor.com/city/gazelle--ca/
CA,Georgetown,https://nextdoor.com/city/georgetown--ca/
CA,Gerber,https://nextdoor.com/city/gerber--ca/
CA,Geyserville,https://nextdoor.com/city/geyserville--ca/
CA,Gilroy,https://nextdoor.com/city/gilroy--ca/
CA,Glencoe,https://nextdoor.com/city/glencoe--ca/
CA,Glendale,https://nextdoor.com/city/glendale--ca/
CA,Glendora,https://nextdoor.com/city/glendora--ca/
CA,Glen Ellen,https://nextdoor.com/city/glen-ellen--ca/
CA,Glenhaven,https://nextdoor.com/city/glenhaven--ca/
CA,Glenn,https://nextdoor.com/city/glenn--ca/
CA,Glennville,https://nextdoor.com/city/glennville--ca/
CA,Gold River,https://nextdoor.com/city/gold-river--ca/
CA,Gold Run,https://nextdoor.com/city/gold-run--ca/
CA,Goleta,https://nextdoor.com/city/goleta--ca/
CA,Gonzales,https://nextdoor.com/city/gonzales--ca/
CA,Goodyears Bar,https://nextdoor.com/city/goodyears-bar--ca/
CA,Goshen,https://nextdoor.com/city/goshen--ca/
CA,Granada Hills,https://nextdoor.com/city/granada-hills--ca/
CA,Grand Terrace,https://nextdoor.com/city/grand-terrace--ca/
CA,Granite Bay,https://nextdoor.com/city/granite-bay--ca/
CA,Grass Valley,https://nextdoor.com/city/grass-valley--ca/
CA,Graton,https://nextdoor.com/city/graton--ca/
CA,Greenbrae,https://nextdoor.com/city/greenbrae--ca/
CA,Greenfield,https://nextdoor.com/city/greenfield--ca/
CA,Greenwood,https://nextdoor.com/city/greenwood--ca/
CA,Grenada,https://nextdoor.com/city/grenada--ca/
CA,Gridley,https://nextdoor.com/city/gridley--ca/
CA,Grizzly Flats,https://nextdoor.com/city/grizzly-flats--ca/
CA,Groveland,https://nextdoor.com/city/groveland--ca/
CA,Grover Beach,https://nextdoor.com/city/grover-beach--ca/
CA,Guadalupe,https://nextdoor.com/city/guadalupe--ca/
CA,Gualala,https://nextdoor.com/city/gualala--ca/
CA,Guerneville,https://nextdoor.com/city/guerneville--ca/
CA,Guinda,https://nextdoor.com/city/guinda--ca/
CA,Gustine,https://nextdoor.com/city/gustine--ca/
CA,Hacienda Heights,https://nextdoor.com/city/hacienda-heights--ca/
CA,Half Moon Bay,https://nextdoor.com/city/half-moon-bay--ca/
CA,Hamilton City,https://nextdoor.com/city/hamilton-city--ca/
CA,Hammil Valley,https://nextdoor.com/city/hammil-valley--ca/
CA,Hanford,https://nextdoor.com/city/hanford--ca/
CA,Happy Camp,https://nextdoor.com/city/happy-camp--ca/
CA,Harbor City,https://nextdoor.com/city/harbor-city--ca/
CA,Harmony,https://nextdoor.com/city/harmony--ca/
CA,Hat Creek,https://nextdoor.com/city/hat-creek--ca/
CA,Hawaiian Gardens,https://nextdoor.com/city/hawaiian-gardens--ca/
CA,Hawthorne,https://nextdoor.com/city/hawthorne--ca/
CA,Hayfork,https://nextdoor.com/city/hayfork--ca/
CA,Hayward,https://nextdoor.com/city/hayward--ca/
CA,Healdsburg,https://nextdoor.com/city/healdsburg--ca/
CA,Heber,https://nextdoor.com/city/heber--ca/
CA,Helendale,https://nextdoor.com/city/helendale--ca/
CA,Helm,https://nextdoor.com/city/helm--ca/
CA,Hemet,https://nextdoor.com/city/hemet--ca/
CA,Herald,https://nextdoor.com/city/herald--ca/
CA,Hercules,https://nextdoor.com/city/hercules--ca/
CA,Heritage Ranch,https://nextdoor.com/city/heritage-ranch--ca/
CA,Herlong,https://nextdoor.com/city/herlong--ca/
CA,Hermosa Beach,https://nextdoor.com/city/hermosa-beach--ca/
CA,Hesperia,https://nextdoor.com/city/hesperia--ca/
CA,Hickman,https://nextdoor.com/city/hickman--ca/
CA,Hidden Hills,https://nextdoor.com/city/hidden-hills--ca/
CA,Hidden Valley Lake,https://nextdoor.com/city/hidden-valley-lake--ca/
CA,Highland,https://nextdoor.com/city/highland--ca/
CA,Hillsborough,https://nextdoor.com/city/hillsborough--ca/
CA,Hilmar,https://nextdoor.com/city/hilmar--ca/
CA,Hinkley,https://nextdoor.com/city/hinkley--ca/
CA,Hollister,https://nextdoor.com/city/hollister--ca/
CA,Holtville,https://nextdoor.com/city/holtville--ca/
CA,Homeland,https://nextdoor.com/city/homeland--ca/
CA,Homewood,https://nextdoor.com/city/homewood--ca/
CA,Hoopa,https://nextdoor.com/city/hoopa--ca/
CA,Hopland,https://nextdoor.com/city/hopland--ca/
CA,Hornbrook,https://nextdoor.com/city/hornbrook--ca/
CA,Hornitos,https://nextdoor.com/city/hornitos--ca/
CA,Horse Creek,https://nextdoor.com/city/horse-creek--ca/
CA,Hughson,https://nextdoor.com/city/hughson--ca/
CA,Hume,https://nextdoor.com/city/hume--ca/
CA,Huntington Beach,https://nextdoor.com/city/huntington-beach--ca/
CA,Huntington Park,https://nextdoor.com/city/huntington-park--ca/
CA,Huron,https://nextdoor.com/city/huron--ca/
CA,Hyampom,https://nextdoor.com/city/hyampom--ca/
CA,Hydesville,https://nextdoor.com/city/hydesville--ca/
CA,Idyllwild,https://nextdoor.com/city/idyllwild--ca/
CA,Igo,https://nextdoor.com/city/igo--ca/
CA,Imperial,https://nextdoor.com/city/imperial--ca/
CA,Imperial Beach,https://nextdoor.com/city/imperial-beach--ca/
CA,Independence,https://nextdoor.com/city/independence--ca/
CA,Indian Wells,https://nextdoor.com/city/indian-wells--ca/
CA,Indio,https://nextdoor.com/city/indio--ca/
CA,Inglewood,https://nextdoor.com/city/inglewood--ca/
CA,Inverness,https://nextdoor.com/city/inverness--ca/
CA,Inyokern,https://nextdoor.com/city/inyokern--ca/
CA,Ione,https://nextdoor.com/city/ione--ca/
CA,Iowa Hill,https://nextdoor.com/city/iowa-hill--ca/
CA,Irvine,https://nextdoor.com/city/irvine--ca/
CA,Irwindale,https://nextdoor.com/city/irwindale--ca/
CA,Isleton,https://nextdoor.com/city/isleton--ca/
CA,Ivanhoe,https://nextdoor.com/city/ivanhoe--ca/
CA,Jackson,https://nextdoor.com/city/jackson--ca/
CA,Jacumba,https://nextdoor.com/city/jacumba--ca/
CA,Jamestown,https://nextdoor.com/city/jamestown--ca/
CA,Jamul,https://nextdoor.com/city/jamul--ca/
CA,Janesville,https://nextdoor.com/city/janesville--ca/
CA,Jenner,https://nextdoor.com/city/jenner--ca/
CA,Johannesburg,https://nextdoor.com/city/johannesburg--ca/
CA,Johnson Valley,https://nextdoor.com/city/johnson-valley--ca/
CA,Joshua Tree,https://nextdoor.com/city/joshua-tree--ca/
CA,Julian,https://nextdoor.com/city/julian--ca/
CA,Junction City,https://nextdoor.com/city/junction-city--ca/
CA,June Lake,https://nextdoor.com/city/june-lake--ca/
CA,Keene,https://nextdoor.com/city/keene--ca/
CA,Kelseyville,https://nextdoor.com/city/kelseyville--ca/
CA,Kensington,https://nextdoor.com/city/kensington--ca/
CA,Kentfield,https://nextdoor.com/city/kentfield--ca/
CA,Kenwood,https://nextdoor.com/city/kenwood--ca/
CA,Kerman,https://nextdoor.com/city/kerman--ca/
CA,Kernville,https://nextdoor.com/city/kernville--ca/
CA,Kettleman City,https://nextdoor.com/city/kettleman-city--ca/
CA,King City,https://nextdoor.com/city/king-city--ca/
CA,Kings Beach,https://nextdoor.com/city/kings-beach--ca/
CA,Kingsburg,https://nextdoor.com/city/kingsburg--ca/
CA,Kings Canyon National Pk,https://nextdoor.com/city/kings-canyon-national-pk--ca/
CA,Kirkwood,https://nextdoor.com/city/kirkwood--ca/
CA,Klamath,https://nextdoor.com/city/klamath--ca/
CA,Klamath River,https://nextdoor.com/city/klamath-river--ca/
CA,Kneeland,https://nextdoor.com/city/kneeland--ca/
CA,Knightsen,https://nextdoor.com/city/knightsen--ca/
CA,Knights Landing,https://nextdoor.com/city/knights-landing--ca/
CA,Korbel,https://nextdoor.com/city/korbel--ca/
CA,Kyburz,https://nextdoor.com/city/kyburz--ca/
CA,La Canada Flintridge,https://nextdoor.com/city/la-canada-flintridge--ca/
CA,La Crescenta,https://nextdoor.com/city/la-crescenta--ca/
CA,Ladera Ranch,https://nextdoor.com/city/ladera-ranch--ca/
CA,Lafayette,https://nextdoor.com/city/lafayette--ca/
CA,La Grange,https://nextdoor.com/city/la-grange--ca/
CA,Laguna Beach,https://nextdoor.com/city/laguna-beach--ca/
CA,Laguna Hills,https://nextdoor.com/city/laguna-hills--ca/
CA,Laguna Niguel,https://nextdoor.com/city/laguna-niguel--ca/
CA,Laguna Woods,https://nextdoor.com/city/laguna-woods--ca/
CA,Lagunitas,https://nextdoor.com/city/lagunitas--ca/
CA,La Habra,https://nextdoor.com/city/la-habra--ca/
CA,La Habra Heights,https://nextdoor.com/city/la-habra-heights--ca/
CA,La Honda,https://nextdoor.com/city/la-honda--ca/
CA,La Jolla,https://nextdoor.com/city/la-jolla--ca/
CA,Lake Arrowhead,https://nextdoor.com/city/lake-arrowhead--ca/
CA,Lake Balboa,https://nextdoor.com/city/lake-balboa--ca/
CA,Lake City,https://nextdoor.com/city/lake-city--ca/
CA,Lake Elsinore,https://nextdoor.com/city/lake-elsinore--ca/
CA,Lake Forest,https://nextdoor.com/city/lake-forest--ca/
CA,Lakehead,https://nextdoor.com/city/lakehead--ca/
CA,Lake Hughes,https://nextdoor.com/city/lake-hughes--ca/
CA,Lake Isabella,https://nextdoor.com/city/lake-isabella--ca/
CA,Lakeport,https://nextdoor.com/city/lakeport--ca/
CA,Lake Sherwood,https://nextdoor.com/city/lake-sherwood--ca/
CA,Lakeside,https://nextdoor.com/city/lakeside--ca/
CA,Lakewood,https://nextdoor.com/city/lakewood--ca/
CA,La Mesa,https://nextdoor.com/city/la-mesa--ca/
CA,La Mirada,https://nextdoor.com/city/la-mirada--ca/
CA,Lamont,https://nextdoor.com/city/lamont--ca/
CA,Lancaster,https://nextdoor.com/city/lancaster--ca/
CA,Landers,https://nextdoor.com/city/landers--ca/
CA,La Palma,https://nextdoor.com/city/la-palma--ca/
CA,La Puente,https://nextdoor.com/city/la-puente--ca/
CA,La Quinta,https://nextdoor.com/city/la-quinta--ca/
CA,Larkspur,https://nextdoor.com/city/larkspur--ca/
CA,Lathrop,https://nextdoor.com/city/lathrop--ca/
CA,Laton,https://nextdoor.com/city/laton--ca/
CA,La Verne,https://nextdoor.com/city/la-verne--ca/
CA,Lawndale,https://nextdoor.com/city/lawndale--ca/
CA,Laytonville,https://nextdoor.com/city/laytonville--ca/
CA,Lebec,https://nextdoor.com/city/lebec--ca/
CA,Lee Vining,https://nextdoor.com/city/lee-vining--ca/
CA,Leggett,https://nextdoor.com/city/leggett--ca/
CA,Le Grand,https://nextdoor.com/city/le-grand--ca/
CA,Lemon Cove,https://nextdoor.com/city/lemon-cove--ca/
CA,Lemon Grove,https://nextdoor.com/city/lemon-grove--ca/
CA,Lemoore,https://nextdoor.com/city/lemoore--ca/
CA,Leona Valley,https://nextdoor.com/city/leona-valley--ca/
CA,Lewiston,https://nextdoor.com/city/lewiston--ca/
CA,Likely,https://nextdoor.com/city/likely--ca/
CA,Lincoln,https://nextdoor.com/city/lincoln--ca/
CA,Linden,https://nextdoor.com/city/linden--ca/
CA,Lindsay,https://nextdoor.com/city/lindsay--ca/
CA,Litchfield,https://nextdoor.com/city/litchfield--ca/
CA,Littleriver,https://nextdoor.com/city/littleriver--ca/
CA,Little River,https://nextdoor.com/city/little-river--ca/
CA,Littlerock,https://nextdoor.com/city/littlerock--ca/
CA,Live Oak,https://nextdoor.com/city/live-oak--ca/
CA,Livermore,https://nextdoor.com/city/livermore--ca/
CA,Livingston,https://nextdoor.com/city/livingston--ca/
CA,Llano,https://nextdoor.com/city/llano--ca/
CA,Lockeford,https://nextdoor.com/city/lockeford--ca/
CA,Lockwood,https://nextdoor.com/city/lockwood--ca/
CA,Lodi,https://nextdoor.com/city/lodi--ca/
CA,Loleta,https://nextdoor.com/city/loleta--ca/
CA,Loma Linda,https://nextdoor.com/city/loma-linda--ca/
CA,Loma Mar,https://nextdoor.com/city/loma-mar--ca/
CA,Lomita,https://nextdoor.com/city/lomita--ca/
CA,Lompoc,https://nextdoor.com/city/lompoc--ca/
CA,Lone Pine,https://nextdoor.com/city/lone-pine--ca/
CA,Long Barn,https://nextdoor.com/city/long-barn--ca/
CA,Long Beach,https://nextdoor.com/city/long-beach--ca/
CA,Lookout,https://nextdoor.com/city/lookout--ca/
CA,Loomis,https://nextdoor.com/city/loomis--ca/
CA,Los Alamitos,https://nextdoor.com/city/los-alamitos--ca/
CA,Los Altos,https://nextdoor.com/city/los-altos--ca/
CA,Los Altos Hills,https://nextdoor.com/city/los-altos-hills--ca/
CA,Los Angeles,https://nextdoor.com/city/los-angeles--ca/
CA,Los Banos,https://nextdoor.com/city/los-banos--ca/
CA,Los Gatos,https://nextdoor.com/city/los-gatos--ca/
CA,Los Molinos,https://nextdoor.com/city/los-molinos--ca/
CA,Los Olivos,https://nextdoor.com/city/los-olivos--ca/
CA,Los Osos,https://nextdoor.com/city/los-osos--ca/
CA,Lost Hills,https://nextdoor.com/city/lost-hills--ca/
CA,Lotus,https://nextdoor.com/city/lotus--ca/
CA,Lower Lake,https://nextdoor.com/city/lower-lake--ca/
CA,Loyalton,https://nextdoor.com/city/loyalton--ca/
CA,Lucerne,https://nextdoor.com/city/lucerne--ca/
CA,Lucerne Valley,https://nextdoor.com/city/lucerne-valley--ca/
CA,Ludlow,https://nextdoor.com/city/ludlow--ca/
CA,Lynwood,https://nextdoor.com/city/lynwood--ca/
CA,Lytle Creek,https://nextdoor.com/city/lytle-creek--ca/
CA,Macdoel,https://nextdoor.com/city/macdoel--ca/
CA,Madeline,https://nextdoor.com/city/madeline--ca/
CA,Madera,https://nextdoor.com/city/madera--ca/
CA,Madison,https://nextdoor.com/city/madison--ca/
CA,Mad River,https://nextdoor.com/city/mad-river--ca/
CA,Magalia,https://nextdoor.com/city/magalia--ca/
CA,Malibu,https://nextdoor.com/city/malibu--ca/
CA,Mammoth Lakes,https://nextdoor.com/city/mammoth-lakes--ca/
CA,Manchester,https://nextdoor.com/city/manchester--ca/
CA,Manhattan Beach,https://nextdoor.com/city/manhattan-beach--ca/
CA,Manteca,https://nextdoor.com/city/manteca--ca/
CA,Manton,https://nextdoor.com/city/manton--ca/
CA,March Air Reserve Base,https://nextdoor.com/city/march-air-reserve-base--ca/
CA,Maricopa,https://nextdoor.com/city/maricopa--ca/
CA,Marina,https://nextdoor.com/city/marina--ca/
CA,Marina Del Rey,https://nextdoor.com/city/marina-del-rey--ca/
CA,Mariposa,https://nextdoor.com/city/mariposa--ca/
CA,Markleeville,https://nextdoor.com/city/markleeville--ca/
CA,Marshall,https://nextdoor.com/city/marshall--ca/
CA,Martinez,https://nextdoor.com/city/martinez--ca/
CA,Marysville,https://nextdoor.com/city/marysville--ca/
CA,Mather,https://nextdoor.com/city/mather--ca/
CA,Maxwell,https://nextdoor.com/city/maxwell--ca/
CA,Maywood,https://nextdoor.com/city/maywood--ca/
CA,McArthur,https://nextdoor.com/city/mcarthur--ca/
CA,McClellan,https://nextdoor.com/city/mcclellan--ca/
CA,McCloud,https://nextdoor.com/city/mccloud--ca/
CA,Mc Farland,https://nextdoor.com/city/mc-farland--ca/
CA,McKinleyville,https://nextdoor.com/city/mckinleyville--ca/
CA,Mc Kittrick,https://nextdoor.com/city/mc-kittrick--ca/
CA,Meadow Vista,https://nextdoor.com/city/meadow-vista--ca/
CA,Mecca,https://nextdoor.com/city/mecca--ca/
CA,Mendocino,https://nextdoor.com/city/mendocino--ca/
CA,Mendota,https://nextdoor.com/city/mendota--ca/
CA,Menifee,https://nextdoor.com/city/menifee--ca/
CA,Menlo Park,https://nextdoor.com/city/menlo-park--ca/
CA,Mentone,https://nextdoor.com/city/mentone--ca/
CA,Merced,https://nextdoor.com/city/merced--ca/
CA,Meridian,https://nextdoor.com/city/meridian--ca/
CA,Middletown,https://nextdoor.com/city/middletown--ca/
CA,Midpines,https://nextdoor.com/city/midpines--ca/
CA,Midway City,https://nextdoor.com/city/midway-city--ca/
CA,Milford,https://nextdoor.com/city/milford--ca/
CA,Millbrae,https://nextdoor.com/city/millbrae--ca/
CA,Mill Creek,https://nextdoor.com/city/mill-creek--ca/
CA,Mill Valley,https://nextdoor.com/city/mill-valley--ca/
CA,Millville,https://nextdoor.com/city/millville--ca/
CA,Milpitas,https://nextdoor.com/city/milpitas--ca/
CA,Mineral,https://nextdoor.com/city/mineral--ca/
CA,Mira Loma,https://nextdoor.com/city/mira-loma--ca/
CA,Miramonte,https://nextdoor.com/city/miramonte--ca/
CA,Mission Hills,https://nextdoor.com/city/mission-hills--ca/
CA,Mission Viejo,https://nextdoor.com/city/mission-viejo--ca/
CA,Mi Wuk Village,https://nextdoor.com/city/mi-wuk-village--ca/
CA,Modesto,https://nextdoor.com/city/modesto--ca/
CA,Mojave,https://nextdoor.com/city/mojave--ca/
CA,Mokelumne Hill,https://nextdoor.com/city/mokelumne-hill--ca/
CA,Monrovia,https://nextdoor.com/city/monrovia--ca/
CA,Montague,https://nextdoor.com/city/montague--ca/
CA,Montara,https://nextdoor.com/city/montara--ca/
CA,Montclair,https://nextdoor.com/city/montclair--ca/
CA,Montebello,https://nextdoor.com/city/montebello--ca/
CA,Monterey,https://nextdoor.com/city/monterey--ca/
CA,Monterey Park,https://nextdoor.com/city/monterey-park--ca/
CA,Monte Rio,https://nextdoor.com/city/monte-rio--ca/
CA,Monte Sereno,https://nextdoor.com/city/monte-sereno--ca/
CA,Montgomery Creek,https://nextdoor.com/city/montgomery-creek--ca/
CA,Montrose,https://nextdoor.com/city/montrose--ca/
CA,Moorpark,https://nextdoor.com/city/moorpark--ca/
CA,Moraga,https://nextdoor.com/city/moraga--ca/
CA,Moreno Valley,https://nextdoor.com/city/moreno-valley--ca/
CA,Morgan Hill,https://nextdoor.com/city/morgan-hill--ca/
CA,Morongo Valley,https://nextdoor.com/city/morongo-valley--ca/
CA,Morro Bay,https://nextdoor.com/city/morro-bay--ca/
CA,Moss Beach,https://nextdoor.com/city/moss-beach--ca/
CA,Moss Landing,https://nextdoor.com/city/moss-landing--ca/
CA,Mountain Center,https://nextdoor.com/city/mountain-center--ca/
CA,Mountain Ranch,https://nextdoor.com/city/mountain-ranch--ca/
CA,Mountain View,https://nextdoor.com/city/mountain-view--ca/
CA,Mount Hamilton,https://nextdoor.com/city/mount-hamilton--ca/
CA,Mount Shasta,https://nextdoor.com/city/mount-shasta--ca/
CA,Mt Baldy,https://nextdoor.com/city/mt-baldy--ca/
CA,Mt Madonna,https://nextdoor.com/city/mt-madonna--ca/
CA,Muir Beach,https://nextdoor.com/city/muir-beach--ca/
CA,Murphys,https://nextdoor.com/city/murphys--ca/
CA,Murrieta,https://nextdoor.com/city/murrieta--ca/
CA,Myers Flat,https://nextdoor.com/city/myers-flat--ca/
CA,Napa,https://nextdoor.com/city/napa--ca/
CA,National City,https://nextdoor.com/city/national-city--ca/
CA,Needles,https://nextdoor.com/city/needles--ca/
CA,Nevada City,https://nextdoor.com/city/nevada-city--ca/
CA,Newark,https://nextdoor.com/city/newark--ca/
CA,Newberry Springs,https://nextdoor.com/city/newberry-springs--ca/
CA,Newbury Park,https://nextdoor.com/city/newbury-park--ca/
CA,Newcastle,https://nextdoor.com/city/newcastle--ca/
CA,New Cuyama,https://nextdoor.com/city/new-cuyama--ca/
CA,Newhall,https://nextdoor.com/city/newhall--ca/
CA,Newman,https://nextdoor.com/city/newman--ca/
CA,Newport Beach,https://nextdoor.com/city/newport-beach--ca/
CA,Newport Coast,https://nextdoor.com/city/newport-coast--ca/
CA,Nicasio,https://nextdoor.com/city/nicasio--ca/
CA,Nice,https://nextdoor.com/city/nice--ca/
CA,Nicolaus,https://nextdoor.com/city/nicolaus--ca/
CA,Niland,https://nextdoor.com/city/niland--ca/
CA,Nipomo,https://nextdoor.com/city/nipomo--ca/
CA,Nipton,https://nextdoor.com/city/nipton--ca/
CA,Norco,https://nextdoor.com/city/norco--ca/
CA,Norden,https://nextdoor.com/city/norden--ca/
CA,North Edwards,https://nextdoor.com/city/north-edwards--ca/
CA,North Fork,https://nextdoor.com/city/north-fork--ca/
CA,North Highlands,https://nextdoor.com/city/north-highlands--ca/
CA,North Hills,https://nextdoor.com/city/north-hills--ca/
CA,North Hollywood,https://nextdoor.com/city/north-hollywood--ca/
CA,Northridge,https://nextdoor.com/city/northridge--ca/
CA,North San Juan,https://nextdoor.com/city/north-san-juan--ca/
CA,Norwalk,https://nextdoor.com/city/norwalk--ca/
CA,Novato,https://nextdoor.com/city/novato--ca/
CA,Nuevo,https://nextdoor.com/city/nuevo--ca/
CA,Oakdale,https://nextdoor.com/city/oakdale--ca/
CA,Oak Hills,https://nextdoor.com/city/oak-hills--ca/
CA,Oakhurst,https://nextdoor.com/city/oakhurst--ca/
CA,Oakland,https://nextdoor.com/city/oakland--ca/
CA,Oakley,https://nextdoor.com/city/oakley--ca/
CA,Oak Park,https://nextdoor.com/city/oak-park--ca/
CA,Oak Run,https://nextdoor.com/city/oak-run--ca/
CA,Oak View,https://nextdoor.com/city/oak-view--ca/
CA,Oakville,https://nextdoor.com/city/oakville--ca/
CA,Occidental,https://nextdoor.com/city/occidental--ca/
CA,Oceano,https://nextdoor.com/city/oceano--ca/
CA,Oceanside,https://nextdoor.com/city/oceanside--ca/
CA,Ocotillo,https://nextdoor.com/city/ocotillo--ca/
CA,Ojai,https://nextdoor.com/city/ojai--ca/
CA,Old Station,https://nextdoor.com/city/old-station--ca/
CA,Olivehurst,https://nextdoor.com/city/olivehurst--ca/
CA,Olympic Valley,https://nextdoor.com/city/olympic-valley--ca/
CA,O Neals,https://nextdoor.com/city/o-neals--ca/
CA,Ono,https://nextdoor.com/city/ono--ca/
CA,Ontario,https://nextdoor.com/city/ontario--ca/
CA,Onyx,https://nextdoor.com/city/onyx--ca/
CA,Orange,https://nextdoor.com/city/orange--ca/
CA,Orange Cove,https://nextdoor.com/city/orange-cove--ca/
CA,Orangevale,https://nextdoor.com/city/orangevale--ca/
CA,Orcutt,https://nextdoor.com/city/orcutt--ca/
CA,Oregon House,https://nextdoor.com/city/oregon-house--ca/
CA,Orick,https://nextdoor.com/city/orick--ca/
CA,Orinda,https://nextdoor.com/city/orinda--ca/
CA,Orland,https://nextdoor.com/city/orland--ca/
CA,Orleans,https://nextdoor.com/city/orleans--ca/
CA,Oro Grande,https://nextdoor.com/city/oro-grande--ca/
CA,Orosi,https://nextdoor.com/city/orosi--ca/
CA,Oroville,https://nextdoor.com/city/oroville--ca/
CA,Oxnard,https://nextdoor.com/city/oxnard--ca/
CA,Pacheco,https://nextdoor.com/city/pacheco--ca/
CA,Pacifica,https://nextdoor.com/city/pacifica--ca/
CA,Pacific Grove,https://nextdoor.com/city/pacific-grove--ca/
CA,Pacific Palisades,https://nextdoor.com/city/pacific-palisades--ca/
CA,Pacoima,https://nextdoor.com/city/pacoima--ca/
CA,Paicines,https://nextdoor.com/city/paicines--ca/
CA,Pala,https://nextdoor.com/city/pala--ca/
CA,Palermo,https://nextdoor.com/city/palermo--ca/
CA,Palmdale,https://nextdoor.com/city/palmdale--ca/
CA,Palm Desert,https://nextdoor.com/city/palm-desert--ca/
CA,Palm Springs,https://nextdoor.com/city/palm-springs--ca/
CA,Palo Alto,https://nextdoor.com/city/palo-alto--ca/
CA,Palo Cedro,https://nextdoor.com/city/palo-cedro--ca/
CA,Palomar Park,https://nextdoor.com/city/palomar-park--ca/
CA,Palos Verdes Estates,https://nextdoor.com/city/palos-verdes-estates--ca/
CA,Palos Verdes Peninsula,https://nextdoor.com/city/palos-verdes-peninsula--ca/
CA,Palo Verde,https://nextdoor.com/city/palo-verde--ca/
CA,Panorama City,https://nextdoor.com/city/panorama-city--ca/
CA,Paradise,https://nextdoor.com/city/paradise--ca/
CA,Paramount,https://nextdoor.com/city/paramount--ca/
CA,Parker Dam,https://nextdoor.com/city/parker-dam--ca/
CA,Parlier,https://nextdoor.com/city/parlier--ca/
CA,Pasadena,https://nextdoor.com/city/pasadena--ca/
CA,Paso Robles,https://nextdoor.com/city/paso-robles--ca/
CA,Patterson,https://nextdoor.com/city/patterson--ca/
CA,Pauma Valley,https://nextdoor.com/city/pauma-valley--ca/
CA,Paynes Creek,https://nextdoor.com/city/paynes-creek--ca/
CA,Pearblossom,https://nextdoor.com/city/pearblossom--ca/
CA,Pebble Beach,https://nextdoor.com/city/pebble-beach--ca/
CA,Penngrove,https://nextdoor.com/city/penngrove--ca/
CA,Penn Valley,https://nextdoor.com/city/penn-valley--ca/
CA,Penryn,https://nextdoor.com/city/penryn--ca/
CA,Perris,https://nextdoor.com/city/perris--ca/
CA,Pescadero,https://nextdoor.com/city/pescadero--ca/
CA,Petaluma,https://nextdoor.com/city/petaluma--ca/
CA,Petrolia,https://nextdoor.com/city/petrolia--ca/
CA,Phelan,https://nextdoor.com/city/phelan--ca/
CA,Philo,https://nextdoor.com/city/philo--ca/
CA,Pico Rivera,https://nextdoor.com/city/pico-rivera--ca/
CA,Piedmont,https://nextdoor.com/city/piedmont--ca/
CA,Piercy,https://nextdoor.com/city/piercy--ca/
CA,Pilot Hill,https://nextdoor.com/city/pilot-hill--ca/
CA,Pinecrest,https://nextdoor.com/city/pinecrest--ca/
CA,Pine Grove,https://nextdoor.com/city/pine-grove--ca/
CA,Pine Mountain Club,https://nextdoor.com/city/pine-mountain-club--ca/
CA,Pine Valley,https://nextdoor.com/city/pine-valley--ca/
CA,Pinole,https://nextdoor.com/city/pinole--ca/
CA,Pinon Hills,https://nextdoor.com/city/pinon-hills--ca/
CA,Pioneer,https://nextdoor.com/city/pioneer--ca/
CA,Pismo Beach,https://nextdoor.com/city/pismo-beach--ca/
CA,Pittsburg,https://nextdoor.com/city/pittsburg--ca/
CA,Pixley,https://nextdoor.com/city/pixley--ca/
CA,Placentia,https://nextdoor.com/city/placentia--ca/
CA,Placerville,https://nextdoor.com/city/placerville--ca/
CA,Platina,https://nextdoor.com/city/platina--ca/
CA,Playa Del Rey,https://nextdoor.com/city/playa-del-rey--ca/
CA,Playa Vista,https://nextdoor.com/city/playa-vista--ca/
CA,Pleasant Grove,https://nextdoor.com/city/pleasant-grove--ca/
CA,Pleasant Hill,https://nextdoor.com/city/pleasant-hill--ca/
CA,Pleasanton,https://nextdoor.com/city/pleasanton--ca/
CA,Plumas Lake,https://nextdoor.com/city/plumas-lake--ca/
CA,Plymouth,https://nextdoor.com/city/plymouth--ca/
CA,Point Arena,https://nextdoor.com/city/point-arena--ca/
CA,Point Mugu Nawc,https://nextdoor.com/city/point-mugu-nawc--ca/
CA,Point Reyes Station,https://nextdoor.com/city/point-reyes-station--ca/
CA,Point Richmond,https://nextdoor.com/city/point-richmond--ca/
CA,Pollock Pines,https://nextdoor.com/city/pollock-pines--ca/
CA,Pomona,https://nextdoor.com/city/pomona--ca/
CA,Pope Valley,https://nextdoor.com/city/pope-valley--ca/
CA,Poplar,https://nextdoor.com/city/poplar--ca/
CA,Port Costa,https://nextdoor.com/city/port-costa--ca/
CA,Porter Ranch,https://nextdoor.com/city/porter-ranch--ca/
CA,Porterville,https://nextdoor.com/city/porterville--ca/
CA,Port Hueneme,https://nextdoor.com/city/port-hueneme--ca/
CA,Port Hueneme Cbc Base,https://nextdoor.com/city/port-hueneme-cbc-base--ca/
CA,Portola Valley,https://nextdoor.com/city/portola-valley--ca/
CA,Posey,https://nextdoor.com/city/posey--ca/
CA,Potrero,https://nextdoor.com/city/potrero--ca/
CA,Potter Valley,https://nextdoor.com/city/potter-valley--ca/
CA,Poway,https://nextdoor.com/city/poway--ca/
CA,Prather,https://nextdoor.com/city/prather--ca/
CA,Princeton,https://nextdoor.com/city/princeton--ca/
CA,Rackerby,https://nextdoor.com/city/rackerby--ca/
CA,Raisin City,https://nextdoor.com/city/raisin-city--ca/
CA,Ramona,https://nextdoor.com/city/ramona--ca/
CA,Ranchita,https://nextdoor.com/city/ranchita--ca/
CA,Rancho Cordova,https://nextdoor.com/city/rancho-cordova--ca/
CA,Rancho Cucamonga,https://nextdoor.com/city/rancho-cucamonga--ca/
CA,Rancho Dominguez,https://nextdoor.com/city/rancho-dominguez--ca/
CA,Rancho Mirage,https://nextdoor.com/city/rancho-mirage--ca/
CA,Rancho Murieta,https://nextdoor.com/city/rancho-murieta--ca/
CA,Rancho Palos Verdes,https://nextdoor.com/city/rancho-palos-verdes--ca/
CA,Rancho Santa Fe,https://nextdoor.com/city/rancho-santa-fe--ca/
CA,Rancho Santa Margarita,https://nextdoor.com/city/rancho-santa-margarita--ca/
CA,Randsburg,https://nextdoor.com/city/randsburg--ca/
CA,Ravendale,https://nextdoor.com/city/ravendale--ca/
CA,Raymond,https://nextdoor.com/city/raymond--ca/
CA,Red Bluff,https://nextdoor.com/city/red-bluff--ca/
CA,Redcrest,https://nextdoor.com/city/redcrest--ca/
CA,Redding,https://nextdoor.com/city/redding--ca/
CA,Redlands,https://nextdoor.com/city/redlands--ca/
CA,Redondo Beach,https://nextdoor.com/city/redondo-beach--ca/
CA,Redway,https://nextdoor.com/city/redway--ca/
CA,Redwood City,https://nextdoor.com/city/redwood-city--ca/
CA,Redwood Valley,https://nextdoor.com/city/redwood-valley--ca/
CA,Reedley,https://nextdoor.com/city/reedley--ca/
CA,Rescue,https://nextdoor.com/city/rescue--ca/
CA,Reseda,https://nextdoor.com/city/reseda--ca/
CA,Rialto,https://nextdoor.com/city/rialto--ca/
CA,Richgrove,https://nextdoor.com/city/richgrove--ca/
CA,Richmond,https://nextdoor.com/city/richmond--ca/
CA,Ridgecrest,https://nextdoor.com/city/ridgecrest--ca/
CA,Rio Dell,https://nextdoor.com/city/rio-dell--ca/
CA,Rio Linda,https://nextdoor.com/city/rio-linda--ca/
CA,Rio Nido,https://nextdoor.com/city/rio-nido--ca/
CA,Rio Oso,https://nextdoor.com/city/rio-oso--ca/
CA,Rio Vista,https://nextdoor.com/city/rio-vista--ca/
CA,Ripley,https://nextdoor.com/city/ripley--ca/
CA,Ripon,https://nextdoor.com/city/ripon--ca/
CA,Riverbank,https://nextdoor.com/city/riverbank--ca/
CA,Riverdale,https://nextdoor.com/city/riverdale--ca/
CA,Riverside,https://nextdoor.com/city/riverside--ca/
CA,Rocklin,https://nextdoor.com/city/rocklin--ca/
CA,Rodeo,https://nextdoor.com/city/rodeo--ca/
CA,Rohnert Park,https://nextdoor.com/city/rohnert-park--ca/
CA,Rolling Hills,https://nextdoor.com/city/rolling-hills--ca/
CA,Rolling Hills Estates,https://nextdoor.com/city/rolling-hills-estates--ca/
CA,Rosamond,https://nextdoor.com/city/rosamond--ca/
CA,Rosemead,https://nextdoor.com/city/rosemead--ca/
CA,Roseville,https://nextdoor.com/city/roseville--ca/
CA,Rosewood,https://nextdoor.com/city/rosewood--ca/
CA,Rough And Ready,https://nextdoor.com/city/rough-and-ready--ca/
CA,Rowland Heights,https://nextdoor.com/city/rowland-heights--ca/
CA,Royal Oaks,https://nextdoor.com/city/royal-oaks--ca/
CA,Rumsey,https://nextdoor.com/city/rumsey--ca/
CA,Running Springs,https://nextdoor.com/city/running-springs--ca/
CA,Sacramento,https://nextdoor.com/city/sacramento--ca/
CA,Saint Helena,https://nextdoor.com/city/saint-helena--ca/
CA,Salida,https://nextdoor.com/city/salida--ca/
CA,Salinas,https://nextdoor.com/city/salinas--ca/
CA,Salyer,https://nextdoor.com/city/salyer--ca/
CA,Samoa,https://nextdoor.com/city/samoa--ca/
CA,San Andreas,https://nextdoor.com/city/san-andreas--ca/
CA,San Anselmo,https://nextdoor.com/city/san-anselmo--ca/
CA,San Ardo,https://nextdoor.com/city/san-ardo--ca/
CA,San Bernardino,https://nextdoor.com/city/san-bernardino--ca/
CA,San Bruno,https://nextdoor.com/city/san-bruno--ca/
CA,San Carlos,https://nextdoor.com/city/san-carlos--ca/
CA,San Clemente,https://nextdoor.com/city/san-clemente--ca/
CA,San Diego,https://nextdoor.com/city/san-diego--ca/
CA,San Dimas,https://nextdoor.com/city/san-dimas--ca/
CA,San Fernando,https://nextdoor.com/city/san-fernando--ca/
CA,San Francisco,https://nextdoor.com/city/san-francisco--ca/
CA,San Gabriel,https://nextdoor.com/city/san-gabriel--ca/
CA,Sanger,https://nextdoor.com/city/sanger--ca/
CA,San Geronimo,https://nextdoor.com/city/san-geronimo--ca/
CA,San Gregorio,https://nextdoor.com/city/san-gregorio--ca/
CA,San Jacinto,https://nextdoor.com/city/san-jacinto--ca/
CA,San Joaquin,https://nextdoor.com/city/san-joaquin--ca/
CA,San Jose,https://nextdoor.com/city/san-jose--ca/
CA,San Juan Bautista,https://nextdoor.com/city/san-juan-bautista--ca/
CA,San Juan Capistrano,https://nextdoor.com/city/san-juan-capistrano--ca/
CA,San Leandro,https://nextdoor.com/city/san-leandro--ca/
CA,San Lorenzo,https://nextdoor.com/city/san-lorenzo--ca/
CA,San Luis Obispo,https://nextdoor.com/city/san-luis-obispo--ca/
CA,San Marcos,https://nextdoor.com/city/san-marcos--ca/
CA,San Marino,https://nextdoor.com/city/san-marino--ca/
CA,San Martin,https://nextdoor.com/city/san-martin--ca/
CA,San Mateo,https://nextdoor.com/city/san-mateo--ca/
CA,San Miguel,https://nextdoor.com/city/san-miguel--ca/
CA,San Pablo,https://nextdoor.com/city/san-pablo--ca/
CA,San Pedro,https://nextdoor.com/city/san-pedro--ca/
CA,San Quentin,https://nextdoor.com/city/san-quentin--ca/
CA,San Rafael,https://nextdoor.com/city/san-rafael--ca/
CA,San Ramon,https://nextdoor.com/city/san-ramon--ca/
CA,San Simeon,https://nextdoor.com/city/san-simeon--ca/
CA,Santa Ana,https://nextdoor.com/city/santa-ana--ca/
CA,Santa Barbara,https://nextdoor.com/city/santa-barbara--ca/
CA,Santa Clara,https://nextdoor.com/city/santa-clara--ca/
CA,Santa Clarita,https://nextdoor.com/city/santa-clarita--ca/
CA,Santa Cruz,https://nextdoor.com/city/santa-cruz--ca/
CA,Santa Fe Springs,https://nextdoor.com/city/santa-fe-springs--ca/
CA,Santa Margarita,https://nextdoor.com/city/santa-margarita--ca/
CA,Santa Maria,https://nextdoor.com/city/santa-maria--ca/
CA,Santa Monica,https://nextdoor.com/city/santa-monica--ca/
CA,Santa Paula,https://nextdoor.com/city/santa-paula--ca/
CA,Santa Rosa,https://nextdoor.com/city/santa-rosa--ca/
CA,Santa Rosa Valley,https://nextdoor.com/city/santa-rosa-valley--ca/
CA,Santa Ynez,https://nextdoor.com/city/santa-ynez--ca/
CA,Santa Ysabel,https://nextdoor.com/city/santa-ysabel--ca/
CA,Santee,https://nextdoor.com/city/santee--ca/
CA,San Ysidro,https://nextdoor.com/city/san-ysidro--ca/
CA,Saratoga,https://nextdoor.com/city/saratoga--ca/
CA,Sattley,https://nextdoor.com/city/sattley--ca/
CA,Sausalito,https://nextdoor.com/city/sausalito--ca/
CA,Scotia,https://nextdoor.com/city/scotia--ca/
CA,Scott Bar,https://nextdoor.com/city/scott-bar--ca/
CA,Scotts Valley,https://nextdoor.com/city/scotts-valley--ca/
CA,Seal Beach,https://nextdoor.com/city/seal-beach--ca/
CA,Seaside,https://nextdoor.com/city/seaside--ca/
CA,Sebastopol,https://nextdoor.com/city/sebastopol--ca/
CA,Seeley,https://nextdoor.com/city/seeley--ca/
CA,Seiad Valley,https://nextdoor.com/city/seiad-valley--ca/
CA,Selma,https://nextdoor.com/city/selma--ca/
CA,Sequoia National Park,https://nextdoor.com/city/sequoia-national-park--ca/
CA,Shafter,https://nextdoor.com/city/shafter--ca/
CA,Shandon,https://nextdoor.com/city/shandon--ca/
CA,Shasta,https://nextdoor.com/city/shasta--ca/
CA,Shasta Lake,https://nextdoor.com/city/shasta-lake--ca/
CA,Shaver Lake,https://nextdoor.com/city/shaver-lake--ca/
CA,Sheep Ranch,https://nextdoor.com/city/sheep-ranch--ca/
CA,Shell Beach,https://nextdoor.com/city/shell-beach--ca/
CA,Sheridan,https://nextdoor.com/city/sheridan--ca/
CA,Sherman Oaks,https://nextdoor.com/city/sherman-oaks--ca/
CA,Shingle Springs,https://nextdoor.com/city/shingle-springs--ca/
CA,Shingletown,https://nextdoor.com/city/shingletown--ca/
CA,Shoshone,https://nextdoor.com/city/shoshone--ca/
CA,Sierra City,https://nextdoor.com/city/sierra-city--ca/
CA,Sierra Madre,https://nextdoor.com/city/sierra-madre--ca/
CA,Sierraville,https://nextdoor.com/city/sierraville--ca/
CA,Signal Hill,https://nextdoor.com/city/signal-hill--ca/
CA,Silverado,https://nextdoor.com/city/silverado--ca/
CA,Simi Valley,https://nextdoor.com/city/simi-valley--ca/
CA,Skyforest,https://nextdoor.com/city/skyforest--ca/
CA,Sloughhouse,https://nextdoor.com/city/sloughhouse--ca/
CA,Smartsville,https://nextdoor.com/city/smartsville--ca/
CA,Smith River,https://nextdoor.com/city/smith-river--ca/
CA,Snelling,https://nextdoor.com/city/snelling--ca/
CA,Soda Springs,https://nextdoor.com/city/soda-springs--ca/
CA,Solana Beach,https://nextdoor.com/city/solana-beach--ca/
CA,Soledad,https://nextdoor.com/city/soledad--ca/
CA,Solvang,https://nextdoor.com/city/solvang--ca/
CA,Somerset,https://nextdoor.com/city/somerset--ca/
CA,Somes Bar,https://nextdoor.com/city/somes-bar--ca/
CA,Somis,https://nextdoor.com/city/somis--ca/
CA,Sonoma,https://nextdoor.com/city/sonoma--ca/
CA,Sonora,https://nextdoor.com/city/sonora--ca/
CA,Soquel,https://nextdoor.com/city/soquel--ca/
CA,Soulsbyville,https://nextdoor.com/city/soulsbyville--ca/
CA,South El Monte,https://nextdoor.com/city/south-el-monte--ca/
CA,South Gate,https://nextdoor.com/city/south-gate--ca/
CA,South Lake Tahoe,https://nextdoor.com/city/south-lake-tahoe--ca/
CA,South Pasadena,https://nextdoor.com/city/south-pasadena--ca/
CA,South San Francisco,https://nextdoor.com/city/south-san-francisco--ca/
CA,Spring Valley,https://nextdoor.com/city/spring-valley--ca/
CA,Springville,https://nextdoor.com/city/springville--ca/
CA,Squaw Valley,https://nextdoor.com/city/squaw-valley--ca/
CA,Standish,https://nextdoor.com/city/standish--ca/
CA,Stanford,https://nextdoor.com/city/stanford--ca/
CA,Stanton,https://nextdoor.com/city/stanton--ca/
CA,Stevenson Ranch,https://nextdoor.com/city/stevenson-ranch--ca/
CA,Stevinson,https://nextdoor.com/city/stevinson--ca/
CA,Stewarts Point,https://nextdoor.com/city/stewarts-point--ca/
CA,Stinson Beach,https://nextdoor.com/city/stinson-beach--ca/
CA,Stockton,https://nextdoor.com/city/stockton--ca/
CA,Stonyford,https://nextdoor.com/city/stonyford--ca/
CA,Stratford,https://nextdoor.com/city/stratford--ca/
CA,Strathmore,https://nextdoor.com/city/strathmore--ca/
CA,Strawberry,https://nextdoor.com/city/strawberry--ca/
CA,Strawberry Valley,https://nextdoor.com/city/strawberry-valley--ca/
CA,Studio City,https://nextdoor.com/city/studio-city--ca/
CA,Sugarloaf,https://nextdoor.com/city/sugarloaf--ca/
CA,Suisun City,https://nextdoor.com/city/suisun-city--ca/
CA,Summerland,https://nextdoor.com/city/summerland--ca/
CA,Sun City,https://nextdoor.com/city/sun-city--ca/
CA,Sunland,https://nextdoor.com/city/sunland--ca/
CA,Sunnyvale,https://nextdoor.com/city/sunnyvale--ca/
CA,Sunol,https://nextdoor.com/city/sunol--ca/
CA,Sunset Beach,https://nextdoor.com/city/sunset-beach--ca/
CA,Sun Valley,https://nextdoor.com/city/sun-valley--ca/
CA,Surfside,https://nextdoor.com/city/surfside--ca/
CA,Susanville,https://nextdoor.com/city/susanville--ca/
CA,Sutter,https://nextdoor.com/city/sutter--ca/
CA,Sutter Creek,https://nextdoor.com/city/sutter-creek--ca/
CA,Swall Meadows,https://nextdoor.com/city/swall-meadows--ca/
CA,Sylmar,https://nextdoor.com/city/sylmar--ca/
CA,Taft,https://nextdoor.com/city/taft--ca/
CA,Tahoe City,https://nextdoor.com/city/tahoe-city--ca/
CA,Tahoe Vista,https://nextdoor.com/city/tahoe-vista--ca/
CA,Tahoma,https://nextdoor.com/city/tahoma--ca/
CA,Tarzana,https://nextdoor.com/city/tarzana--ca/
CA,Tecate,https://nextdoor.com/city/tecate--ca/
CA,Tecopa,https://nextdoor.com/city/tecopa--ca/
CA,Tehachapi,https://nextdoor.com/city/tehachapi--ca/
CA,Temecula,https://nextdoor.com/city/temecula--ca/
CA,Temple City,https://nextdoor.com/city/temple-city--ca/
CA,Templeton,https://nextdoor.com/city/templeton--ca/
CA,Termo,https://nextdoor.com/city/termo--ca/
CA,Terra Bella,https://nextdoor.com/city/terra-bella--ca/
CA,Thermal,https://nextdoor.com/city/thermal--ca/
CA,The Sea Ranch,https://nextdoor.com/city/the-sea-ranch--ca/
CA,Thousand Oaks,https://nextdoor.com/city/thousand-oaks--ca/
CA,Thousand Palms,https://nextdoor.com/city/thousand-palms--ca/
CA,Three Rivers,https://nextdoor.com/city/three-rivers--ca/
CA,Tiburon,https://nextdoor.com/city/tiburon--ca/
CA,Tipton,https://nextdoor.com/city/tipton--ca/
CA,Tollhouse,https://nextdoor.com/city/tollhouse--ca/
CA,Toluca Lake,https://nextdoor.com/city/toluca-lake--ca/
CA,Tomales,https://nextdoor.com/city/tomales--ca/
CA,Topanga,https://nextdoor.com/city/topanga--ca/
CA,Topaz,https://nextdoor.com/city/topaz--ca/
CA,Torrance,https://nextdoor.com/city/torrance--ca/
CA,Trabuco Canyon,https://nextdoor.com/city/trabuco-canyon--ca/
CA,Tracy,https://nextdoor.com/city/tracy--ca/
CA,Tranquillity,https://nextdoor.com/city/tranquillity--ca/
CA,Traver,https://nextdoor.com/city/traver--ca/
CA,Travis Afb,https://nextdoor.com/city/travis-afb--ca/
CA,Trinidad,https://nextdoor.com/city/trinidad--ca/
CA,Trinity Center,https://nextdoor.com/city/trinity-center--ca/
CA,Trona,https://nextdoor.com/city/trona--ca/
CA,Trowbridge,https://nextdoor.com/city/trowbridge--ca/
CA,Truckee,https://nextdoor.com/city/truckee--ca/
CA,Tujunga,https://nextdoor.com/city/tujunga--ca/
CA,Tulare,https://nextdoor.com/city/tulare--ca/
CA,Tulelake,https://nextdoor.com/city/tulelake--ca/
CA,Tuolumne,https://nextdoor.com/city/tuolumne--ca/
CA,Tupman,https://nextdoor.com/city/tupman--ca/
CA,Turlock,https://nextdoor.com/city/turlock--ca/
CA,Tustin,https://nextdoor.com/city/tustin--ca/
CA,Twain Harte,https://nextdoor.com/city/twain-harte--ca/
CA,Twentynine Palms,https://nextdoor.com/city/twentynine-palms--ca/
CA,Twin Bridges,https://nextdoor.com/city/twin-bridges--ca/
CA,Ukiah,https://nextdoor.com/city/ukiah--ca/
CA,Union City,https://nextdoor.com/city/union-city--ca/
CA,Universal City,https://nextdoor.com/city/universal-city--ca/
CA,Upland,https://nextdoor.com/city/upland--ca/
CA,Upper Lake,https://nextdoor.com/city/upper-lake--ca/
CA,Vacaville,https://nextdoor.com/city/vacaville--ca/
CA,Valencia,https://nextdoor.com/city/valencia--ca/
CA,Vallecito,https://nextdoor.com/city/vallecito--ca/
CA,Vallejo,https://nextdoor.com/city/vallejo--ca/
CA,Valley Center,https://nextdoor.com/city/valley-center--ca/
CA,Valley Ford,https://nextdoor.com/city/valley-ford--ca/
CA,Valley Springs,https://nextdoor.com/city/valley-springs--ca/
CA,Valley Village,https://nextdoor.com/city/valley-village--ca/
CA,Valyermo,https://nextdoor.com/city/valyermo--ca/
CA,Van Nuys,https://nextdoor.com/city/van-nuys--ca/
CA,Venice,https://nextdoor.com/city/venice--ca/
CA,Ventura,https://nextdoor.com/city/ventura--ca/
CA,Vernalis,https://nextdoor.com/city/vernalis--ca/
CA,Vernon,https://nextdoor.com/city/vernon--ca/
CA,Victorville,https://nextdoor.com/city/victorville--ca/
CA,Vidal,https://nextdoor.com/city/vidal--ca/
CA,Villa Park,https://nextdoor.com/city/villa-park--ca/
CA,Visalia,https://nextdoor.com/city/visalia--ca/
CA,Vista,https://nextdoor.com/city/vista--ca/
CA,Volcano,https://nextdoor.com/city/volcano--ca/
CA,Walnut,https://nextdoor.com/city/walnut--ca/
CA,Walnut Creek,https://nextdoor.com/city/walnut-creek--ca/
CA,Walnut Grove,https://nextdoor.com/city/walnut-grove--ca/
CA,Warner Springs,https://nextdoor.com/city/warner-springs--ca/
CA,Wasco,https://nextdoor.com/city/wasco--ca/
CA,Washington,https://nextdoor.com/city/washington--ca/
CA,Waterford,https://nextdoor.com/city/waterford--ca/
CA,Watsonville,https://nextdoor.com/city/watsonville--ca/
CA,Weaverville,https://nextdoor.com/city/weaverville--ca/
CA,Weed,https://nextdoor.com/city/weed--ca/
CA,Weldon,https://nextdoor.com/city/weldon--ca/
CA,Wendel,https://nextdoor.com/city/wendel--ca/
CA,West Covina,https://nextdoor.com/city/west-covina--ca/
CA,West Hills,https://nextdoor.com/city/west-hills--ca/
CA,West Hollywood,https://nextdoor.com/city/west-hollywood--ca/
CA,Westlake Village,https://nextdoor.com/city/westlake-village--ca/
CA,Westminster,https://nextdoor.com/city/westminster--ca/
CA,Westmorland,https://nextdoor.com/city/westmorland--ca/
CA,West Point,https://nextdoor.com/city/west-point--ca/
CA,Westport,https://nextdoor.com/city/westport--ca/
CA,West Sacramento,https://nextdoor.com/city/west-sacramento--ca/
CA,Westwood,https://nextdoor.com/city/westwood--ca/
CA,Wheatland,https://nextdoor.com/city/wheatland--ca/
CA,Whitethorn,https://nextdoor.com/city/whitethorn--ca/
CA,Whitewater,https://nextdoor.com/city/whitewater--ca/
CA,Whitmore,https://nextdoor.com/city/whitmore--ca/
CA,Whittier,https://nextdoor.com/city/whittier--ca/
CA,Wildomar,https://nextdoor.com/city/wildomar--ca/
CA,Williams,https://nextdoor.com/city/williams--ca/
CA,Willits,https://nextdoor.com/city/willits--ca/
CA,Willow Creek,https://nextdoor.com/city/willow-creek--ca/
CA,Willows,https://nextdoor.com/city/willows--ca/
CA,Wilmington,https://nextdoor.com/city/wilmington--ca/
CA,Wilseyville,https://nextdoor.com/city/wilseyville--ca/
CA,Wilton,https://nextdoor.com/city/wilton--ca/
CA,Winchester,https://nextdoor.com/city/winchester--ca/
CA,Windsor,https://nextdoor.com/city/windsor--ca/
CA,Winnetka,https://nextdoor.com/city/winnetka--ca/
CA,Winterhaven,https://nextdoor.com/city/winterhaven--ca/
CA,Winters,https://nextdoor.com/city/winters--ca/
CA,Winton,https://nextdoor.com/city/winton--ca/
CA,Wishon,https://nextdoor.com/city/wishon--ca/
CA,Witter Springs,https://nextdoor.com/city/witter-springs--ca/
CA,Wofford Heights,https://nextdoor.com/city/wofford-heights--ca/
CA,Woodacre,https://nextdoor.com/city/woodacre--ca/
CA,Woodbridge,https://nextdoor.com/city/woodbridge--ca/
CA,Woodlake,https://nextdoor.com/city/woodlake--ca/
CA,Woodland,https://nextdoor.com/city/woodland--ca/
CA,Woodland Hills,https://nextdoor.com/city/woodland-hills--ca/
CA,Woodside,https://nextdoor.com/city/woodside--ca/
CA,Woodville,https://nextdoor.com/city/woodville--ca/
CA,Woody,https://nextdoor.com/city/woody--ca/
CA,Wrightwood,https://nextdoor.com/city/wrightwood--ca/
CA,Yorba Linda,https://nextdoor.com/city/yorba-linda--ca/
CA,Yorkville,https://nextdoor.com/city/yorkville--ca/
CA,Yosemite National Park,https://nextdoor.com/city/yosemite-national-park--ca/
CA,Yountville,https://nextdoor.com/city/yountville--ca/
CA,Yreka,https://nextdoor.com/city/yreka--ca/
CA,Yuba City,https://nextdoor.com/city/yuba-city--ca/
CA,Yucaipa,https://nextdoor.com/city/yucaipa--ca/
CA,Yucca Valley,https://nextdoor.com/city/yucca-valley--ca/
CA,Zamora,https://nextdoor.com/city/zamora--ca/
CA,Zenia,https://nextdoor.com/city/zenia--ca/
